{
  "input/sub16.zip": {
    "size": 1618576908,
    "memory": 1637773312,
    "total_time": 37.97792339324951,
    "reading_time": 4.727655649185181,
    "writing_time": 3.219820261001587
  },
  "input/synthesizedFLASH25inMNI_6010.nii.gz": {
    "size": 6009892187,
    "memory": 6029070336,
    "total_time": 113.8832483291626,
    "reading_time": 25.347071647644043,
    "writing_time": 58.50577092170715
  },
  "input/synthesized_FLASH25.nii.gz": {
    "size": 13004423168,
    "memory": 13023608832,
    "total_time": 288.14063024520874,
    "reading_time": 83.34416890144348,
    "writing_time": 174.78369450569153
  }
}