{
  "start": 1582604518753,
  "read1end": 1582604540930,
  "write1start": 1582604554258,
  "write1end": 1582604554258,
  "read2start": 1582604555710.000000,
  "read2end": 1582604593425.000000,
  "write2start": 1582604607712.000000,
  "write2end": 1582604607712.000000,
  "read3start": 1582604609695.000000,
  "read3end": 1582604645708.000000,
  "write3start": 1582604662993.000000,
  "write3end": 1582604662993.000000
}